{
"lengthUnit": "mil",
"components": {
	"fields": ["COMPONENT_NO", "COMPONENT_NAME", "LAYER", "X_COORDINATE", "Y_COORDINATE", "ANGLE"],
	"rows": [
		[1, "DEC", "T", 890, -1500, 90],
		[2, "Power", "T", 205, -965, 90],
		[3, "RA", "T", 905, -490, 90],
		[4, "U2", "T", 2515, -960, 90]
	]
},
"pins": {
	"fields": ["PIN_NO", "PIN_NAME", "PIN_X", "PIN_Y", "LAYER", "PIN_TYPE", "NET_NAME", "NET_TYPE", "PAD_SHAPE", "PAD_SIZEX", "PAD_SIZEY", "HOLE_SIZE", "PAD_ANGLE"],
	"rows": [
		[1, "DEC_1", 540, -1750, "T", "DIP", "$1N4231", "", "C", 62.99, 62.99, 40.16, 0],
		[2, "DEC_1", 540, -1750, "B", "DIP", "$1N4231", "", "C", 62.99, 62.99, 40.16, 0],
		[3, "DEC_2", 640, -1750, "T", "DIP", "DEC_2", "", "C", 62.99, 62.99, 40.16, 0],
		[4, "DEC_2", 640, -1750, "B", "DIP", "DEC_2", "", "C", 62.99, 62.99, 40.16, 0],
		[5, "DEC_3", 740, -1750, "T", "DIP", "DEC_3", "", "C", 62.99, 62.99, 40.16, 0],
		[6, "DEC_3", 740, -1750, "B", "DIP", "DEC_3", "", "C", 62.99, 62.99, 40.16, 0],
		[7, "DEC_4", 840, -1750, "T", "DIP", "DEC_4", "", "C", 62.99, 62.99, 40.16, 0],
		[8, "DEC_4", 840, -1750, "B", "DIP", "DEC_4", "", "C", 62.99, 62.99, 40.16, 0],
		[9, "DEC_5", 940, -1750, "T", "DIP", "DEC_5", "", "C", 62.99, 62.99, 40.16, 0],
		[10, "DEC_5", 940, -1750, "B", "DIP", "DEC_5", "", "C", 62.99, 62.99, 40.16, 0],
		[11, "DEC_6", 1040, -1750, "T", "DIP", "DEC_6", "", "C", 62.99, 62.99, 40.16, 0],
		[12, "DEC_6", 1040, -1750, "B", "DIP", "DEC_6", "", "C", 62.99, 62.99, 40.16, 0],
		[13, "DEC_7", 1140, -1750, "T", "DIP", "$1N4193", "", "C", 62.99, 62.99, 40.16, 0],
		[14, "DEC_7", 1140, -1750, "B", "DIP", "$1N4193", "", "C", 62.99, 62.99, 40.16, 0],
		[15, "DEC_8", 1240, -1750, "T", "DIP", "$1N4223", "", "C", 62.99, 62.99, 40.16, 0],
		[16, "DEC_8", 1240, -1750, "B", "DIP", "$1N4223", "", "C", 62.99, 62.99, 40.16, 0],
		[17, "DEC_9", 1240, -1250, "T", "DIP", "DEC_9", "", "C", 62.99, 62.99, 40.16, 0],
		[18, "DEC_9", 1240, -1250, "B", "DIP", "DEC_9", "", "C", 62.99, 62.99, 40.16, 0],
		[19, "DEC_10", 1140, -1250, "T", "DIP", "$1N4239", "", "C", 62.99, 62.99, 40.16, 0],
		[20, "DEC_10", 1140, -1250, "B", "DIP", "$1N4239", "", "C", 62.99, 62.99, 40.16, 0],
		[21, "DEC_11", 1040, -1250, "T", "DIP", "DEC_11", "", "C", 62.99, 62.99, 40.16, 0],
		[22, "DEC_11", 1040, -1250, "B", "DIP", "DEC_11", "", "C", 62.99, 62.99, 40.16, 0],
		[23, "DEC_12", 940, -1250, "T", "DIP", "DEC_12", "", "C", 62.99, 62.99, 40.16, 0],
		[24, "DEC_12", 940, -1250, "B", "DIP", "DEC_12", "", "C", 62.99, 62.99, 40.16, 0],
		[25, "DEC_13", 840, -1250, "T", "DIP", "DEC_13", "", "C", 62.99, 62.99, 40.16, 0],
		[26, "DEC_13", 840, -1250, "B", "DIP", "DEC_13", "", "C", 62.99, 62.99, 40.16, 0],
		[27, "DEC_14", 740, -1250, "T", "DIP", "DEC_14", "", "C", 62.99, 62.99, 40.16, 0],
		[28, "DEC_14", 740, -1250, "B", "DIP", "DEC_14", "", "C", 62.99, 62.99, 40.16, 0],
		[29, "DEC_15", 640, -1250, "T", "DIP", "GND", "GND", "R", 62.99, 62.99, 40.16, 0],
		[30, "DEC_15", 640, -1250, "B", "DIP", "GND", "GND", "R", 62.99, 62.99, 40.16, 0],
		[31, "DEC_16", 540, -1250, "T", "DIP", "$1N4279", "", "C", 62.99, 62.99, 40.16, 0],
		[32, "DEC_16", 540, -1250, "B", "DIP", "$1N4279", "", "C", 62.99, 62.99, 40.16, 0],
		[33, "Power_1", 147.91, -989.61, "T", "SMD", "Power_1", "", "R", 31.5, 70.87, 0, 90],
		[34, "Power_2", 147.91, -940.39, "T", "SMD", "Power_2", "", "R", 31.5, 70.87, 0, 90],
		[35, "Power_3", 262.08, -838.1, "T", "SMD", "GND", "GND", "R", 78.74, 98.42, 0, 90],
		[36, "Power_4", 262.08, -1091.9, "T", "SMD", "$1N4279", "", "R", 78.74, 98.42, 0, 90],
		[37, "RA_1", 555, -740, "T", "DIP", "$1N4185", "", "C", 62.99, 62.99, 40.16, 0],
		[38, "RA_1", 555, -740, "B", "DIP", "$1N4185", "", "C", 62.99, 62.99, 40.16, 0],
		[39, "RA_2", 655, -740, "T", "DIP", "RA_2", "", "C", 62.99, 62.99, 40.16, 0],
		[40, "RA_2", 655, -740, "B", "DIP", "RA_2", "", "C", 62.99, 62.99, 40.16, 0],
		[41, "RA_3", 755, -740, "T", "DIP", "RA_3", "", "C", 62.99, 62.99, 40.16, 0],
		[42, "RA_3", 755, -740, "B", "DIP", "RA_3", "", "C", 62.99, 62.99, 40.16, 0],
		[43, "RA_4", 855, -740, "T", "DIP", "RA_4", "", "C", 62.99, 62.99, 40.16, 0],
		[44, "RA_4", 855, -740, "B", "DIP", "RA_4", "", "C", 62.99, 62.99, 40.16, 0],
		[45, "RA_5", 955, -740, "T", "DIP", "RA_5", "", "C", 62.99, 62.99, 40.16, 0],
		[46, "RA_5", 955, -740, "B", "DIP", "RA_5", "", "C", 62.99, 62.99, 40.16, 0],
		[47, "RA_6", 1055, -740, "T", "DIP", "RA_6", "", "C", 62.99, 62.99, 40.16, 0],
		[48, "RA_6", 1055, -740, "B", "DIP", "RA_6", "", "C", 62.99, 62.99, 40.16, 0],
		[49, "RA_7", 1155, -740, "T", "DIP", "$1N4177", "", "C", 62.99, 62.99, 40.16, 0],
		[50, "RA_7", 1155, -740, "B", "DIP", "$1N4177", "", "C", 62.99, 62.99, 40.16, 0],
		[51, "RA_8", 1255, -740, "T", "DIP", "$1N4172", "", "C", 62.99, 62.99, 40.16, 0],
		[52, "RA_8", 1255, -740, "B", "DIP", "$1N4172", "", "C", 62.99, 62.99, 40.16, 0],
		[53, "RA_9", 1255, -240, "T", "DIP", "RA_9", "", "C", 62.99, 62.99, 40.16, 0],
		[54, "RA_9", 1255, -240, "B", "DIP", "RA_9", "", "C", 62.99, 62.99, 40.16, 0],
		[55, "RA_10", 1155, -240, "T", "DIP", "$1N4239", "", "C", 62.99, 62.99, 40.16, 0],
		[56, "RA_10", 1155, -240, "B", "DIP", "$1N4239", "", "C", 62.99, 62.99, 40.16, 0],
		[57, "RA_11", 1055, -240, "T", "DIP", "RA_11", "", "C", 62.99, 62.99, 40.16, 0],
		[58, "RA_11", 1055, -240, "B", "DIP", "RA_11", "", "C", 62.99, 62.99, 40.16, 0],
		[59, "RA_12", 955, -240, "T", "DIP", "RA_12", "", "C", 62.99, 62.99, 40.16, 0],
		[60, "RA_12", 955, -240, "B", "DIP", "RA_12", "", "C", 62.99, 62.99, 40.16, 0],
		[61, "RA_13", 855, -240, "T", "DIP", "RA_13", "", "C", 62.99, 62.99, 40.16, 0],
		[62, "RA_13", 855, -240, "B", "DIP", "RA_13", "", "C", 62.99, 62.99, 40.16, 0],
		[63, "RA_14", 755, -240, "T", "DIP", "RA_14", "", "C", 62.99, 62.99, 40.16, 0],
		[64, "RA_14", 755, -240, "B", "DIP", "RA_14", "", "C", 62.99, 62.99, 40.16, 0],
		[65, "RA_15", 655, -240, "T", "DIP", "GND", "GND", "R", 62.99, 62.99, 40.16, 0],
		[66, "RA_15", 655, -240, "B", "DIP", "GND", "GND", "R", 62.99, 62.99, 40.16, 0],
		[67, "RA_16", 555, -240, "T", "DIP", "$1N4279", "", "C", 62.99, 62.99, 40.16, 0],
		[68, "RA_16", 555, -240, "B", "DIP", "$1N4279", "", "C", 62.99, 62.99, 40.16, 0],
		[69, "U2_1", 2165, -510, "T", "DIP", "U2_1", "", "C", 59.37, 59.37, 39.37, 90],
		[70, "U2_1", 2165, -510, "B", "DIP", "U2_1", "", "C", 59.37, 59.37, 39.37, 90],
		[71, "U2_2", 2265, -510, "T", "DIP", "U2_2", "", "C", 59.37, 59.37, 39.37, 90],
		[72, "U2_2", 2265, -510, "B", "DIP", "U2_2", "", "C", 59.37, 59.37, 39.37, 90],
		[73, "U2_3", 2365, -510, "T", "DIP", "U2_3", "", "C", 59.37, 59.37, 39.37, 90],
		[74, "U2_3", 2365, -510, "B", "DIP", "U2_3", "", "C", 59.37, 59.37, 39.37, 90],
		[75, "U2_4", 2465, -510, "T", "DIP", "U2_4", "", "C", 59.37, 59.37, 39.37, 90],
		[76, "U2_4", 2465, -510, "B", "DIP", "U2_4", "", "C", 59.37, 59.37, 39.37, 90],
		[77, "U2_5", 2565, -510, "T", "DIP", "$1N4177", "", "C", 59.37, 59.37, 39.37, 90],
		[78, "U2_5", 2565, -510, "B", "DIP", "$1N4177", "", "C", 59.37, 59.37, 39.37, 90],
		[79, "U2_6", 2665, -510, "T", "DIP", "$1N4172", "", "C", 59.37, 59.37, 39.37, 90],
		[80, "U2_6", 2665, -510, "B", "DIP", "$1N4172", "", "C", 59.37, 59.37, 39.37, 90],
		[81, "U2_7", 2765, -510, "T", "DIP", "GND", "GND", "C", 59.37, 59.37, 39.37, 90],
		[82, "U2_7", 2765, -510, "B", "DIP", "GND", "GND", "C", 59.37, 59.37, 39.37, 90],
		[83, "U2_8", 2865, -510, "T", "DIP", "U2_8", "", "C", 59.37, 59.37, 39.37, 90],
		[84, "U2_8", 2865, -510, "B", "DIP", "U2_8", "", "C", 59.37, 59.37, 39.37, 90],
		[85, "U2_9", 2165, -1410, "T", "DIP", "U2_9", "", "C", 59.37, 59.37, 39.37, 90],
		[86, "U2_9", 2165, -1410, "B", "DIP", "U2_9", "", "C", 59.37, 59.37, 39.37, 90],
		[87, "U2_10", 2265, -1410, "T", "DIP", "U2_10", "", "C", 59.37, 59.37, 39.37, 90],
		[88, "U2_10", 2265, -1410, "B", "DIP", "U2_10", "", "C", 59.37, 59.37, 39.37, 90],
		[89, "U2_11", 2365, -1410, "T", "DIP", "$1N4185", "", "C", 59.37, 59.37, 39.37, 90],
		[90, "U2_11", 2365, -1410, "B", "DIP", "$1N4185", "", "C", 59.37, 59.37, 39.37, 90],
		[91, "U2_12", 2465, -1410, "T", "DIP", "U2_12", "", "C", 59.37, 59.37, 39.37, 90],
		[92, "U2_12", 2465, -1410, "B", "DIP", "U2_12", "", "C", 59.37, 59.37, 39.37, 90],
		[93, "U2_13", 2565, -1410, "T", "DIP", "$1N4223", "", "C", 59.37, 59.37, 39.37, 90],
		[94, "U2_13", 2565, -1410, "B", "DIP", "$1N4223", "", "C", 59.37, 59.37, 39.37, 90],
		[95, "U2_14", 2665, -1410, "T", "DIP", "$1N4193", "", "C", 59.37, 59.37, 39.37, 90],
		[96, "U2_14", 2665, -1410, "B", "DIP", "$1N4193", "", "C", 59.37, 59.37, 39.37, 90],
		[97, "U2_15", 2765, -1410, "T", "DIP", "$1N4231", "", "C", 59.37, 59.37, 39.37, 90],
		[98, "U2_15", 2765, -1410, "B", "DIP", "$1N4231", "", "C", 59.37, 59.37, 39.37, 90],
		[99, "U2_16", 2865, -1410, "T", "DIP", "$1N4239", "", "C", 59.37, 59.37, 39.37, 90],
		[100, "U2_16", 2865, -1410, "B", "DIP", "$1N4239", "", "C", 59.37, 59.37, 39.37, 90]
	]
}
}